"Rank","Channel Name","Category","Subscribers","Country","Average Views","Average Likes","Average Comments","Content Type"
"","","","","","","","",""
"1","T-Series","Music & Dance","258.4M","India","135.2K","5.6K","223",""
"2","MrBeast","Video games","236.1M","United States","104M","4M","74K","Humor"
"3","Cocomelon - Nursery Rhymes","Education","171.4M","","5.1M","57.1K","0",""
"4","SET India","","167.1M","India","27.9K","996","7",""
"5","✿ Kids Diana Show","Animation","118.5M","","5.1M","14.3K","0","Toys"
"6","Like Nastya","Toys","112.6M","","3.4M","45.9K","0",""
"7","PewDiePie","Movies","111.6M","United States","1.7M","109.2K","3.1K","Video games"
"8","Vlad and Niki","Animation","109.6M","","5.8M","42.7K","0","Toys"
"9","Zee Music Company","Music & Dance","104.5M","India","38K","1.6K","26",""
"10","WWE","Video games","99M","United States","182.9K","6.8K","227",""
"11","Goldmines","Music & Dance","94M","India","34.6K","518","13",""
"12","Sony SAB","Movies","89.1M","India","30.6K","789","10","Animation"
"13","5-Minute Crafts","Movies","80.6M","India","137.6K","632","33",""
"14","BANGTANTV","Music & Dance","77.4M","India","688.2K","129.1K","3K",""
"15","Zee TV","","77M","India","8.2K","295","1",""
"16","HYBE LABELS","Music & Dance","73.9M","United States","118.1K","21.6K","215",""
"17","Pinkfong Baby Shark - Kids' Songs & Stories","Toys","72.5M","","637.6K","713","0",""
"18","Colors TV","","70.2M","India","17.6K","632","3",""
"19","ChuChu TV Nursery Rhymes & Kids Songs","Toys","69.8M","","762.2K","15.5K","0",""
"20","Shemaroo Filmi Gaane","Music & Dance","67.4M","India","29.3K","298","15",""
"21","Canal KondZilla","Music & Dance","67M","Brazil","23K","1K","13",""
"22","T-Series Bhakti Sagar","Music & Dance","65.8M","India","20.1K","1.2K","26",""
"23","Tips Official","Music & Dance","63.5M","India","41.7K","800","20",""
"24","El Reino Infantil","Music & Dance","62.4M","","720.8K","3K","0",""
"25","Aaj Tak","News & Politics","61.9M","India","13.9K","399","6",""
"26","Movieclips","Movies","60.7M","United States","13.8K","212","11","Humor"
"27","Wave Music","Music & Dance","60.5M","","32.8K","746","59",""
"28","Dude Perfect","Video games","60M","United States","4.8M","134.5K","893",""
"29","Sony Music India","Music & Dance","59.3M","India","16.1K","607","21",""
"30","Infobells - Hindi","Education","59.1M","","1.3M","3.8K","0",""
"31","EminemMusic","Movies","58.9M","United States","1.2M","84K","7.4K",""
"32","YRF","Music & Dance","58.3M","India","62.7K","3.4K","35",""
"33","Marshmello","Music & Dance","56.9M","United States","88.2K","7.1K","137",""
"34","LooLoo Kids - Nursery Rhymes and Children's Songs","Music & Dance","56.1M","United States","237.4K","773","0",""
"35","BillionSurpriseToys  - Nursery Rhymes & Cartoons","Toys","55.2M","","82.8K","0","0",""
"36","Ariana Grande","Music & Dance","53.5M","United States","310.7K","40.4K","1.5K",""
"37","Shemaroo","","51.4M","India","9.7K","84","5",""
"38","Toys and Colors","Movies","51.1M","","4.8M","2.8K","0","Toys"
"39","ARY Digital HD","","50.5M","Pakistan","21.9K","722","4",""
"40","A4","Animation","50.5M","Russia","7.9M","337.9K","27K","Humor"
"41","HAR PAL GEO","Movies","50.1M","Pakistan","6.7K","61","2","Animation"
"42","Get Movies","Movies","49.4M","","56.6K","219","0","Humor"
"43","JuegaGerman","Movies","49.2M","Mexico","1.5M","96.5K","4.8K","Animation"
"44","Billie Eilish","Music & Dance","49.1M","United States","363.1K","30.2K","418",""
"45","SonyMusicIndiaVEVO","Music & Dance","49M","India","9.4K","134","9",""
"46","Mikecrack","Movies","47.4M","Mexico","785.6K","73.5K","1.7K","Animation"
"47","Badabun","","47.3M","Mexico","6.8K","276","3",""
"48","Voot Kids","","47.2M","","41.5K","169","0",""
"49","ABS-CBN Entertainment","","46.7M","Philippines","2.5K","56","1",""
"50","Маша и Медведь","","46.5M","","1.4M","11.7K","0",""
"51","Masha and The Bear","Movies","46.3M","","832.4K","4.6K","0","Animation"
"52","Felipe Neto","","46.2M","Brazil","0","0","0",""
"53","Você Sabia?","","45.3M","Brazil","1.2M","73.1K","1.4K",""
"54","Jess No Limit","Movies","45.2M","Indonesia","233.9K","9.1K","229","Humor"
"55","Alan Walker","Music & Dance","44.9M","United States","163.3K","13.1K","469","Movies"
"56","ZAMZAM ELECTRONICS TRADING","","44.8M","India","293.9K","21.7K","388",""
"57","whinderssonnunes","Music & Dance","44.6M","Brazil","140.4K","25.4K","91","Animation"
"58","BRIGHT SIDE","","44.6M","United States","20K","407","22",""
"59","BETER BÖCÜK","","44.2M","India","529K","27.6K","233",""
"60","YOLO AVENTURAS","Movies","43.9M","Mexico","2.3M","114.4K","349","Animation"
"61","Ishtar Music","Music & Dance","43.8M","India","22.4K","691","13",""
"62","Speed Records","Music & Dance","43.3M","India","26.5K","1.1K","39",""
"63","Like Nastya Show","Animation","43M","","302K","1.1K","0","Toys"
"64","Rihanna","Education","42.7M","United States","195K","11.7K","301",""
"65","Ricis Official","Music & Dance","42.5M","Indonesia","101K","6.6K","140","Movies"
"66","shfa2 - شفا","Animation","42.2M","","809.6K","7.2K","0","Toys"
"67","LUCCAS NETO - LUCCAS TOON","Movies","41.8M","Brazil","324.4K","12.8K","0","Animation"
"68","Luisito Comunica","","41.8M","Mexico","3.5M","89.8K","1.9K",""
"69","Sony PAL","","41.3M","India","24.2K","385","19",""
"70","Super Simple Songs - Kids Songs","Music & Dance","41M","","713.7K","4.2K","0",""
"71","Little Baby Bum - Nursery Rhymes & Kids Songs","Animation","40.9M","","82K","198","0","Toys"
"72","Goldmines Gaane Sune Ansune","Music & Dance","40.8M","India","21.8K","165","10",""
"73","shfa","Daily vlogs","40.7M","France","7.1M","68K","0",""
"74","Fede Vigevani","Animation","40.6M","Mexico","6.7M","403.8K","26K","Humor"
"75","WorkpointOfficial","","40.3M","Thailand","9.1K","239","1",""
"76","ABP NEWS","News & Politics","40.1M","India","3.1K","76","1",""
"77","GR6 EXPLODE","Music & Dance","40.1M","Brazil","60.8K","3K","91",""
"78","TEDx Talks","","40.1M","United States","334","12","0",""
"79","Vlad và Niki","Movies","40M","","457.2K","1.3K","0","Humor"
"80","Like Nastya ESP","Movies","39.6M","","654.6K","1.3K","0","Humor"
"81","Maria Clara & JP","Movies","39.4M","","2.7M","20.9K","0","Animation"
"82","Total Gaming","Movies","39.3M","India","10.5M","1.2M","111K","Video games"
"83","ช่อง one31","","39.3M","Thailand","6.1K","155","1",""
"84","Saregama Music","Music & Dance","39.2M","India","22.4K","528","16",""
"85","KL BRO Biju Rithvik","","39.2M","India","710.8K","19.5K","171",""
"86","TheDonato","Movies","39.1M","Mexico","677.3K","44.8K","619","Video games"
"87","PowerKids TV","Movies","39M","India","43.7K","0","0","Animation"
"88","Daddy Yankee","Music & Dance","38.6M","Colombia","56.6K","6.3K","216",""
"89","T-Series Bollywood Classics","Music & Dance","38.6M","India","32.8K","429","14",""
"90","DaFuq!?Boom!","Animation","38.5M","United States","8.4M","591.7K","8.4K","Humor"
"91","Ultra Bollywood","","38.5M","India","37.8K","287","10",""
"92","IndiaTV","News & Politics","38.4M","India","10.8K","235","3",""
"93","La Granja de Zenón","Music & Dance","38.4M","","1.3M","18.3K","0","Animation"
"94","YouTube","","38.4M","United States","58.4K","1.9K","159",""
"95","TheEllenShow","","38.3M","United States","7.6K","153","10",""
"96","StarPlus","","38.2M","India","11K","108","3",""
"97","Techno Gamerz","","38M","India","6.8M","324.1K","21K",""
"98","Jkk Entertainment","","37.5M","India","673.2K","4.1K","112",""
"99","Dushyant kukreja","","37.4M","India","2.6M","67.4K","284",""
"100","Jingle Toons","","36.9M","India","62.9K","306","1",""
"101","AboFlah","Animation","36.9M","Iraq","5.7M","422K","14.2K","Video games"
"102","Maroon 5","Music & Dance","36.8M","United States","0","0","0",""
"103","Alan Chikin Chow","Music & Dance","36.8M","India","1.3M","54.9K","328","Humor"
"104","Jingle Toons","","36.8M","India","49.4K","255","1",""
"105","Markiplier","Animation","36.3M","United States","2.4M","139.7K","3.6K","Video games"
"106","Ryan's World","Animation","36.2M","","314.5K","2.2K","0","Toys"
"107","T-Series Apna Punjab","Music & Dance","35.9M","India","14.7K","459","19",""
"108","MR. INDIAN HACKER","","35.6M","India","3.7M","285.7K","7K",""
"109","Shorts Break","","35.3M","India","4.6M","211.4K","231",""
"110","Rajshri","Movies","35.3M","India","13.6K","306","4","Humor"
"111","Frost Diamond","Movies","35.2M","Indonesia","339.3K","10K","380","Animation"
"112","Geet MP3","Music & Dance","35M","India","429.2K","12.1K","1.2K",""
"113","WowKidz","Animation","34.8M","","30.4K","172","0","Humor"
"114","Ch3Thailand","","34.6M","Thailand","24.1K","829","6",""
"115","BabyBus - Kids Songs and Cartoons","Animation","34.4M","","706.5K","705","0","Toys"
"116","HUM TV","","34.4M","Pakistan","4.1K","151","1",""
"117","SSSniperWolf","Movies","34.4M","United States","680.8K","32.6K","1.6K","Humor"
"118","J Balvin","Animation","34.2M","Colombia","10.5K","1K","21","Video games"
"119","GMA  Network","","34.2M","Philippines","2.4K","90","0",""
"120","DisneyMusicVEVO","Music & Dance","34.1M","United States","53.2K","300","15","Movies"
"121","Lucas and Marcus","Animation","34.1M","United States","762.9K","20K","518","Humor"
"122","Zee News","News & Politics","34M","India","10.7K","307","6",""
"123","VEGETTA777","Movies","34M","Mexico","398K","30.5K","295","Animation"
"124","Enaldinho","","33.9M","Brazil","2M","60K","1.3K",""
"125","KHANDESHI MOVIES","Movies","33.8M","India","520.6K","4.2K","137","Animation"
"126","Peppa Pig - Official Channel","Toys","33.7M","","92.6K","548","0",""
"127","NoCopyrightSounds","Music & Dance","33.7M","United States","50.2K","3.5K","86","Animation"
"128","Diana and Roma ESP","Animation","33.6M","","924.5K","2.2K","0","Toys"
"129","Junya Official Channel","","33.6M","Japan","414.5K","10.2K","38",""
"130","Worldwide Records Bhojpuri","Music & Dance","33.3M","India","43.9K","1.5K","21",""
"131","LankyBox","Animation","33.3M","United States","270.6K","5K","258","Video games"
"132","Gulshan Kalra","","33.3M","India","3.3M","125K","321",""
"133","Alejo Igoa","Animation","33.1M","Argentina","2.7M","181.2K","1.1K",""
"134","आचार्य प्रशान्त - Acharya Prashant","Education","33M","India","85.5K","6.9K","42",""
"135","Zhong","Animation","33M","United States","1.2M","28K","828","Humor"
"136","Akshay Nagwadiya","","32.9M","India","772.2K","31.1K","39",""
"137","Mr Bean","Movies","32.8M","India","159.5K","1.6K","70","Humor"
"138","rezendeevil","Movies","32.5M","Brazil","155.4K","7.4K","84",""
"139","DONA 도나","","32.4M","United States","1.6M","8.9K","216",""
"140","SMTOWN","Music & Dance","32.3M","United States","295.3K","26.9K","1.6K",""
"141","GENIAL","Animation","32M","Mexico","11.6K","405","14",""
"142","व्लाद और निकिता","","31.8M","","267K","954","0",""
"143","LeoNata Family","","31.8M","United States","1.3M","18.5K","41",""
"144","Luis Fonsi","","31.8M","United States","13.4K","1.3K","50",""
"145","김프로KIMPRO","","31.7M","Indonesia","493.5K","17.9K","136",""
"146","Heroindori","","31.7M","India","2.3M","102.4K","82",""
"147","The Tonight Show Starring Jimmy Fallon","","31.4M","United States","116.6K","809","147",""
"148","Aditya Movies","","31.2M","India","18.6K","643","5",""
"149","Masha y el Oso","","31.2M","","841.9K","3.1K","0",""
"150","Little Angel: Nursery Rhymes & Kids Songs","Animation","31.1M","","293.1K","321","0","Toys"
"151","Spider Slack","","31.1M","Brazil","2M","144K","252",""
"152","Real fools shorts official","","31.1M","","11.7M","465.8K","1.7K",""
"153","Talking Tom","Animation","31.1M","United States","415.6K","2.2K","0","Humor"
"154","Shemaroo Movies","","31.1M","India","20.2K","176","7",""
"155","قناة طيور الجنة | toyoraljanahtv","Music & Dance","31M","","82K","0","0",""
"156","AH","Music & Dance","31M","Indonesia","140.5K","7.2K","139","Movies"
"157","★ Kids Roma Show","Animation","30.9M","","1.5M","3.8K","0","Toys"
"158","infobells - Telugu","Education","30.8M","","146.4K","278","0",""
"159","infobells - Tamil","Education","30.7M","","446.6K","9.5K","0",""
"160","jacksepticeye","Animation","30.7M","United States","0","0","0","Humor"
"161","Aditya Music India","Music & Dance","30.5M","India","18.7K","860","4","Movies"
"162","Boram Tube Vlog [보람튜브 브이로그]","","30.4M","","50.2K","319","0",""
"163","Spinnin' Records","Music & Dance","30.4M","United States","28.4K","1.1K","32",""
"164","Trap Nation","Music & Dance","30.4M","United States","37.4K","1.4K","74",""
"165","mujjuu___14","","30.3M","India","7.6M","213.8K","154",""
"166","ashish chanchlani vines","Movies","30.2M","India","4.6M","295.3K","1.7K","Humor"
"167","Goldmines Dishoom","Movies","30.1M","","14K","175","0","Video games"
"168","Ultra Records","Music & Dance","30.1M","United States","13.6K","494","18",""
"169","Maluma","Music & Dance","29.8M","Colombia","2.2M","66.7K","2.6K",""
"170","Alfredo Larin","","29.7M","El Salvador","12.9M","682.2K","2K",""
"171","Crazy XYZ","Music & Dance","29.4M","India","4.6M","261.4K","12.5K","Animation"
"172","NichLmao","Movies","29.3M","United States","1.4M","61.9K","464","Humor"
"173","Brent Rivera","Video games","29.2M","United States","3.3M","138K","4.7K","Humor"
"174","Daniel LaBelle","Animation","29M","United States","6M","441.2K","2.2K","Humor"
"175","Goldmines Bollywood","Music & Dance","29M","India","11.5K","86","3",""
"176","Kids TV - Nursery Rhymes And Baby Songs","Toys","28.9M","","129.4K","269","0",""
"177","That Little Puff","","28.9M","United States","2.5M","166.5K","609",""
"178","Tilak","","28.9M","India","10.6K","1.1K","11",""
"179","Nick Jr.","Animation","28.8M","","500.6K","1.1K","0","Toys"
"180","Marta and Rustam","","28.8M","India","8.6M","117.5K","54",""
"181","Bounce Patrol - Kids Songs","Music & Dance","28.7M","","436.6K","3K","0",""
"182","D Billions","Music & Dance","28.7M","","613.9K","359","0","Animation"
"183","JYP Entertainment","Music & Dance","28.6M","United States","403.1K","44K","1.5K",""
"184","toycantando","Music & Dance","28.6M","","182.9K","5.5K","0","Animation"
"185","Indosiar","Music & Dance","28.6M","Indonesia","40.6K","1.4K","39","Movies"
"186","tuzelity SHUFFLE","","28.6M","India","1.7M","60.7K","455",""
"187","Sandeep Maheshwari","Music & Dance","28.6M","India","1.7M","105.4K","9.2K","Animation"
"188","Sagawa /さがわ","","28.4M","United States","541K","16.7K","93",""
"189","Priyal Kukreja","Daily vlogs","28.4M","India","2.3M","60.5K","276",""
"190","Dangal TV Channel","","28.4M","India","42.6K","1.1K","7",""
"191","Ishaan Ali 11","Daily vlogs","28.2M","India","4.7M","283.7K","480",""
"192","Wiz Khalifa","Music & Dance","28.2M","United States","287.3K","13.3K","1K","Humor"
"193","Azhan5star","","28M","India","440.5K","21.1K","111",""
"194","Topper Guild","Animation","27.9M","United States","1.6M","53.1K","669","Humor"
"195","The Lallantop","News & Politics","27.8M","India","36.6K","1.1K","34",""
"196","Tsuriki Show","","27.8M","India","235.1K","3.9K","7",""
"197","Renato Garcia YT","Movies","27.8M","Brazil","886.5K","73.8K","1.6K",""
"198","Netflix","Movies","27.7M","United States","109.1K","2.3K","174","Animation"
"199","Jason Derulo","Music & Dance","27.5M","United States","27.5K","958","19",""
"200","Raffy Tulfo in Action","Travel","27.3M","Philippines","264K","3.6K","293",""
"201","Yoeslan","","27.2M","India","2.7M","48.2K","81",""
"202","BeatboxJCOP","","27.2M","India","1.2M","67.3K","307",""
"203","America's Got Talent","Music & Dance","27.1M","United States","234.3K","6.3K","203","Movies"
"204","ABPLIVE","News & Politics","27M","India","2.8K","78","0",""
"205","unknown boy varun","Music & Dance","27M","India","1.2M","107.3K","126",""
"206","Ami Rodriguez","Animation","27M","Colombia","79.5K","4.7K","278","Humor"
"207","Pokémon Asia Official (Hindi)","","26.9M","","1.3M","0","0",""
"208","Zach King","Movies","26.9M","United States","3.5M","169.5K","692","Humor"
"209","WB Kids","Movies","26.8M","","41.5K","447","0","Animation"
"210","Diana and Roma HIN","Animation","26.8M","","141.7K","441","0","Toys"
"211","WORLDSTARHIPHOP","Music & Dance","26.8M","United States","36.1K","922","115",""
"212","Willie Salim","Movies","26.7M","Indonesia","3.3M","0","4K","Humor"
"213","Nicki Minaj","Music & Dance","26.6M","United States","0","0","0",""
"214","Smosh","Movies","26.6M","United States","345.2K","24.2K","173","Humor"
"215","Stokes Twins","Video games","26.4M","United States","6.9M","122.3K","7.5K","Humor"
"216","Kids Channel India - Hindi Rhymes and Baby Songs","Music & Dance","26.4M","","83.7K","345","0",""
"217","Dan Rhodes","Movies","26.3M","United States","47.2K","2.2K","58","Humor"
"218","Marília Mendonça","Music & Dance","26.3M","Brazil","38.6K","3.8K","147",""
"219","1MILLION Dance Studio","","26.3M","India","26.1K","1.6K","14",""
"220","Sun TV","","26.3M","India","11.9K","328","1",""
"221","David Guetta","Music & Dance","26.3M","Brazil","65.1K","4.9K","190",""
"222","LosPolinesios","Music & Dance","26.3M","Mexico","6.5M","285.1K","9.3K","Movies"
"223","Alan Becker","Animation","26.2M","United States","4M","361.1K","4.9K","Video games"
"224","YOLO","Animation","26.1M","Mexico","744.9K","25.6K","1K","Humor"
"225","Pen Movies","Movies","26.1M","India","110.3K","1.9K","57","Animation"
"226","VanossGaming","Animation","25.9M","United States","939K","37.7K","665","Video games"
"227","Rans Entertainment","Movies","25.9M","Indonesia","365.5K","10.6K","291","Humor"
"228","Coldplay","Music & Dance","25.9M","United States","68K","8K","229",""
"229","TRANS7 OFFICIAL","Movies","25.9M","Indonesia","4.5K","84","4","Humor"
"230","Diana and Roma ARA","Animation","25.9M","","916K","4K","0",""
"231","shfa show India","Daily vlogs","25.8M","","1.6M","8K","0",""
"232","Preston","Video games","25.7M","United States","2.8M","56.1K","736","Humor"
"233","dednahype","","25.7M","United States","201.7K","4.4K","13",""
"234","Chotanawab","","25.5M","","1.4M","141.7K","887",""
"235","Diana and Roma EN","Animation","25.5M","","566.4K","1K","0","Toys"
"236","Goldmines Movies","","25.5M","India","10.3K","124","3",""
"237","Vania Mania Kids","Animation","25.4M","","532K","475","0","Toys"
"238","Juan De Dios Pantoja","Music & Dance","25.4M","Mexico","2.8M","176.7K","615",""
"239","Zach Choi ASMR","Daily vlogs","25.4M","United States","144K","3K","156",""
"240","Like Nastya AE","","25.3M","","383.7K","1.7K","0",""
"241","WatchMojo.com","Movies","25.2M","United States","34.2K","996","151","Animation"
"242","FaZe Rug","Video games","25.1M","United States","2.9M","69K","3.2K","Humor"
"243","Venus Entertainment","","25.1M","India","6.5K","68","3",""
"244","Karla Bustillos","","25.1M","Mexico","3.9M","200.3K","2K",""
"245","Chloe Ting","Fitness","25.1M","United States","347.5K","10.1K","328","Health & Self Help"
"246","Ultra Movie Parlour","","25.1M","India","18.6K","284","7",""
"247","netd müzik","Music & Dance","24.9M","Turkey","6.2K","145","35",""
"248","Peppa Pig Español Latino - Canal Oficial","Movies","24.9M","","1.1M","3.1K","0","Toys"
"249","1theK (원더케이)","Music & Dance","24.7M","Indonesia","7.3K","83","32",""
"250","Mr DegrEE","Music & Dance","24.6M","United States","2.8M","76.6K","82",""
"251","Kidibli (Kinder Spielzeug Kanal)","Animation","24.5M","","169.1K","3.2K","0","Toys"
"252","Sourav Joshi Vlogs","Daily vlogs","24.4M","India","4.8M","273.5K","6.4K",""
"253","Vlad and Niki ESP","","24.4M","","817K","2.4K","0",""
"254","Rafa & Luiz","Movies","24.4M","Brazil","716.8K","28.6K","491","Animation"
"255","toyorbabytv","Music & Dance","24.4M","","93.2K","0","0",""
"256","Enrique Iglesias","Music & Dance","24.3M","United States","21.4K","1.9K","99",""
"257","Ian Lucas","Movies","24.3M","Argentina","0","0","0","Humor"
"258","LIV Crime","","24.3M","India","11.8K","303","16",""
"259","Miss Katy","Video games","24.3M","Russia","788.4K","10.9K","697","Toys"
"260","Ben Azelart","Video games","24.2M","United States","4.2M","42.2K","3.6K","Humor"
"261","Mister Max","Video games","24.2M","Russia","861.1K","17.8K","1.4K",""
"262","Goldmines Cineplex","","24.1M","India","7K","82","2",""
"263","Bobby chourasiya","","24.1M","India","2.6M","146.1K","177",""
"264","Vlad and Niki Arabic","Animation","24M","","886.3K","3.9K","0",""
"265","Troom Troom","Movies","23.9M","","61.9K","1.1K","11","Animation"
"266","James Charles","Beauty","23.9M","United States","942.8K","35.3K","945","Fashion"
"267","BabyBus - Canciones Infantiles & Videos para Niños","Movies","23.9M","","368.1K","1.1K","0","Animation"
"268","Wave Music Bhojpuri","Music & Dance","23.9M","India","8.5K","109","10",""
"269","TED","","23.9M","United States","49.2K","1.3K","101",""
"270","SMOL","","23.9M","India","111.7K","2.2K","4",""
"271","Ninja","Animation","23.9M","United States","185.6K","6.1K","96","Video games"
"272","Vlad and Niki IDN","Music & Dance","23.9M","","742.9K","1.8K","0","Movies"
"273","GMM GRAMMY OFFICIAL","Music & Dance","23.9M","Thailand","3.3K","117","3",""
"274","Tina Pontes","Animation","23.8M","Brazil","83.2K","1.8K","0",""
"275","DUDU e CAROL","","23.8M","Brazil","1.7M","30.1K","63",""
"276","NickyJamTV","Music & Dance","23.8M","Colombia","15.6K","1.4K","62","Movies"
"277","Village Cooking Channel","","23.7M","India","11.4M","210.1K","3.8K",""
"278","Like Nastya PRT","","23.7M","","364.1K","1.6K","0",""
"279","Sesame Street","","23.7M","","420K","1.9K","0",""
"280","Jelly","Animation","23.7M","United States","220.4K","9.4K","439","Video games"
"281","invictor","Animation","23.6M","Mexico","742.2K","27.5K","960","Video games"
"282","Ishtar Punjabi","Music & Dance","23.5M","India","12.3K","495","6",""
"283","Technical Guruji","","23.5M","India","212.5K","11.9K","588",""
"284","Danny Fitt","Movies","23.4M","Mexico","1.8M","48.1K","228",""
"285","DrossRotzank","","23.3M","Mexico","1.7M","121.2K","5.1K",""
"286","SSundee","Animation","23.3M","United States","1.5M","39.4K","1.7K","Video games"
"287","The Royalty Family","Humor","23.2M","United States","10.1M","258.1K","6.9K",""
"288","Sia","Music & Dance","23.1M","United States","17.4K","1.3K","57","Movies"
"289","Netflix India","","23.1M","India","45.1K","857","32",""
"290","Dua Lipa","Music & Dance","23.1M","United States","270.8K","18.1K","656",""
"291","Rotana","Music & Dance","23.1M","Saudi Arabia","237.7K","627","42",""
"292","Disney Latinoamérica","Movies","22.9M","","102.8K","483","0","Animation"
"293","FGTeeV","Movies","22.9M","United States","785.5K","8.4K","1.5K","Video games"
"294","mmoshaya","","22.9M","Saudi Arabia","741.8K","6.2K","809",""
"295","Pawan Sahu","","22.9M","India","1M","89.3K","808",""
"296","ISSEI / いっせい","","22.8M","India","1.1M","24.8K","106",""
"297","jaanvi patel","","22.8M","India","3.4M","118.2K","194",""
"298","Vijay Television","","22.8M","India","35.9K","620","9",""
"299","IShowSpeed","Video games","22.7M","United States","1.3M","60.4K","1.9K","Humor"
"300","Eva Bravo Play","Animation","22.7M","","297.3K","1.1K","0","Toys"
"301","Tlnovelas","Music & Dance","22.7M","Mexico","3.5K","112","2","Animation"
"302","SOMOY TV","Daily vlogs","22.6M","Bangladesh","9K","221","4",""
"303","Bayashi TV","","22.6M","United States","1.8M","125.3K","922",""
"304","Khan GS Research Centre","Education","22.5M","India","0","0","0",""
"305","National Geographic","","22.5M","United States","45.3K","1.1K","36",""
"306","Neetu Bisht","","22.5M","India","1.5M","86.5K","531",""
"307","Infinite","Video games","22.3M","United States","703.4K","23K","871","Humor"
"308","GMA Public  Affairs","Movies","22.3M","Philippines","3.7K","119","1","Animation"
"309","Smile Family","Animation","22.3M","","13.2K","58","0","Toys"
"310","Panda Shorts","","22.1M","India","1M","98.3K","202",""
"311","Tekashi 6ix9ine","Music & Dance","22.1M","United States","243.4K","14.8K","1.4K",""
"312","News18 India","News & Politics","22.1M","India","9.2K","174","3",""
"313","Beast Philanthropy","Food & Drinks","22M","United States","12.9M","888.7K","17.9K",""
"314","7clouds","Music & Dance","22M","United States","41.1K","917","74",""
"315","Sony AATH","Humor","21.9M","Bangladesh","205.8K","4K","165",""
"316","Narendra Modi","News & Politics","21.9M","India","27.1K","1.6K","149",""
"317","Unbox Therapy","Design/art","21.9M","United States","522.4K","11.8K","181",""
"318","Deddy Corbuzier","","21.9M","Indonesia","2.8M","49K","10K",""
"319","deepesh zo","","21.8M","India","560.2K","39.6K","90",""
"320","Kurzgesagt – In a Nutshell","Education","21.8M","United States","698.8K","66.4K","759",""
"321","Becky G","Music & Dance","21.8M","United States","142.5K","6K","208",""
"322","Jake Fellman","","21.8M","United States","143.1K","9.2K","56",""
"323","Koray Zeynep","Daily vlogs","21.7M","Turkey","355.7K","9.2K","26",""
"324","Lyrical Lemonade","Music & Dance","21.7M","United States","1.3M","44.8K","1.9K","Animation"
"325","Bizarrap","","21.7M","Argentina","44.5M","1.5M","66K",""
"326","MaviGadget","","21.7M","United States","195.2K","4K","19",""
"327","हिंदी - Genevieve's Playhouse","Education","21.7M","","378.1K","1.7K","0",""
"328","BabyBus - Cerita & Lagu Anak-anak","Movies","21.7M","","351.9K","703","0","Humor"
"329","Anaya Kandhal","","21.6M","India","6.4M","92.2K","100",""
"330","Kiddiestv Hindi - Nursery Rhymes & Kids Songs","Education","21.6M","","22.3K","56","0",""
"331","Fatos Desconhecidos","Animation","21.6M","Brazil","88.6K","8.4K","373",""
"332","LazarBeam","Animation","21.5M","United States","0","0","0","Video games"
"333","Celine Dept","","21.4M","United States","3.2M","200.8K","487",""
"334","ViralHog","Toys","21.4M","United States","41.3K","1.3K","15",""
"335","Filaretiki","","21.4M","India","275.8K","7.9K","30",""
"336","Goldmines Great Indian Comedy","","21.4M","India","6.9K","49","2",""
"337","RKD Studios","","21.4M","India","103K","3.6K","90",""
"338","Dr. Vivek Bindra: Motivational Speaker","Education","21.4M","India","62.7K","2.8K","17",""
"339","Baim Paula","Music & Dance","21.3M","Indonesia","265K","7.9K","626","Movies"
"340","NBA","Sports","21.3M","United States","59.8K","1.5K","101",""
"341","طارق الحلبي tarik alhalapi","","21.3M","Turkey","911.2K","20.7K","68",""
"342","Brave Wilderness","","21.3M","United States","358.5K","8.9K","516",""
"343","Tasty","Food & Drinks","21.3M","United States","45.3K","1.7K","15",""
"344","Wow Kidz Action","","21.3M","","72.6K","442","0",""
"345","_vector_","","21.3M","United States","15.3M","812.1K","1.4K",""
"346","MiawAug","Animation","21.3M","Indonesia","556.2K","25.4K","1.1K","Toys"
"347","Ajay Sharma","","21.3M","India","446.2K","18.7K","27",""
"348","Triggered Insaan","Humor","21.2M","India","6.1M","450.5K","19K",""
"349","DeGoBooM","Movies","21.2M","Mexico","208.6K","4.4K","336","Animation"
"350","Linkin Park","Music & Dance","21.1M","United States","31K","3.8K","210",""
"351","DeGoBooM","Movies","21.2M","Mexico","208.6K","4.4K","336","Animation"
"352","Linkin Park","Music & Dance","21.1M","United States","31K","3.8K","210",""
"353","Emiway Bantai","Music & Dance","21.1M","India","881.9K","104.1K","1.5K",""
"354","CookieSwirlC","Video games","21.1M","United States","181.7K","2.1K","344",""
"355","Vsauce","Science & Technology","21.1M","United States","3.7M","348.6K","4.9K",""
"356","Younes Zarou","","20.9M","India","227.9K","9.4K","42",""
"357","Sidemen","Video games","20.9M","United Kingdom","11.6M","449.3K","8.8K","Humor"
"358","Republic Bharat","News & Politics","20.8M","India","6.9K","0","3",""
"359","Susy Mouriz","","20.8M","Mexico","2.9M","225.4K","2.3K",""
"360","Mnet K-POP","","20.8M","United States","24K","743","115",""
"361","SlivkiShow","Video games","20.7M","Russia","2.1M","97.4K","2.9K",""
"362","Aja Kitchen","","20.7M","","197.1K","6.8K","34",""
"363","BigSchool","Animation","20.7M","United States","192.5K","17K","57","Video games"
"364","Gusttavo Lima Oficial","Music & Dance","20.7M","Brazil","22.6K","2.8K","96",""
"365","Got Talent Global","","20.7M","United States","37.8K","373","12",""
"366","Robin Hood Gamer","Animation","20.7M","Brazil","494.7K","20.4K","710","Video games"
"367","Busy Fun Ltd","Animation","20.7M","India","2.9M","9.3K","177","Humor"
"368","Noor Stars","Movies","20.7M","Iraq","1.9M","76.4K","5.2K","Humor"
"369","Official Pink Panther","Movies","20.6M","","597.7K","3.3K","0","Animation"
"370","5-Minute Crafts DIY","Music & Dance","20.6M","India","9K","72","3",""
"371","Jake Paul","Fitness","20.5M","United States","68.2K","2.8K","51",""
"372","Dhar Mann Studios","Health & Self Help","20.5M","United States","3.2M","70.6K","595",""
"373","Green Gold TV - Official Channel","","20.5M","","118.5K","1.2K","0",""
"374","Gordon Ramsay","Food & Drinks","20.5M","United States","133.7K","3.5K","124","Health & Self Help"
"375","Bispo Bruno Leonardo","Music & Dance","20.4M","Brazil","936.3K","320.5K","235K",""
"376","How Ridiculous","Video games","20.4M","United States","0","0","0",""
"377","SCTV","Music & Dance","20.3M","Indonesia","12.3K","243","9","Movies"
"378","etvteluguindia","","20.3M","India","15.7K","294","1",""
"379","FIFA","Sports","20.3M","United States","80.8K","2.3K","62",""
"380","Marvel Entertainment","Movies","20.3M","United States","76.6K","4K","300","Animation"
"381","And TV","","20.3M","India","5.4K","224","0",""
"382","5-Minute Crafts PLAY","Movies","20.3M","India","12.1K","100","4",""
"383","DLS News","Music & Dance","20.2M","India","63.5K","2.2K","93",""
"384","Chapitosiki","","20.2M","Russia","272.2K","6.9K","23",""
"385","Clash of Clans","Movies","20.2M","United States","140.9K","13.3K","504","Animation"
"386","AS Gaming","","20.2M","India","191.9K","9.2K","734",""
"387","Britain's Got Talent","Music & Dance","20.1M","United Kingdom","27.9K","561","20","Movies"
"388","AuthenticGames","Animation","20.1M","Brazil","55.3K","4.5K","765","Video games"
"389","Plim Plim - Kids Songs & Episodes - Spanish","Music & Dance","20.1M","","670.5K","0","0",""
"390","CuRe 구래","","20.1M","Indonesia","6.3M","350K","2.2K",""
"391","شبكة العاب العرب | Arab Games Network","","20.1M","Algeria","191K","10.2K","579",""
"392","Taarak Mehta Ka Ooltah Chashmah","","20.1M","India","54.2K","3.6K","19",""
"393","Pencilmation","Animation","20.1M","United States","33.9K","698","35","Humor"
"394","Vevo","Music & Dance","20.1M","United States","5.5K","161","1",""
"395","Masha e o Urso","","20.1M","","313.9K","1.7K","0",""
"396","Smile Family Spanish","Animation","20.1M","","244.5K","493","0","Toys"
"397","SUPER SLICK SLIME SAM","","20.1M","Mexico","165.7K","3.1K","0",""
"398","BuzzFeedVideo","Food & Drinks","20.1M","United States","15.5K","516","20",""
"399","Troom Troom Es","","20.1M","Mexico","68.5K","1.7K","31",""
"400","REACT","Humor","20M","United States","155.3K","6.1K","363",""
"401","Naisa Alifia Yuriza (N.A.Y)","Music & Dance","20M","Indonesia","99.3K","2.2K","29","Movies"
"402","tabii Urdu","","19.9M","Pakistan","19.3K","587","23",""
"403","XO TEAM","","19.8M","United States","122.7K","6.1K","44",""
"404","HaerteTest","","19.7M","India","18.2K","71","1",""
"405","Shemaroo Comedy","","19.7M","India","14.7K","144","4",""
"406","Pink Shirt Couple","","19.7M","United States","1.2M","63.5K","984",""
"407","Noman Official","","19.7M","India","1M","81.6K","275",""
"408","Caín Guzmán","Movies","19.7M","Mexico","559.1K","23.4K","42","Animation"
"409","Rubén Tuesta oficial","","19.7M","Argentina","4.4M","391.5K","1.4K",""
"410","Crafty Panda","Movies","19.7M","India","15.7K","128","5",""
"411","MSA previously My Story Animated","Animation","19.6M","United States","3.4M","86.7K","2.6K","Humor"
"412","Like Nastya Vlog","Toys","19.6M","","521.9K","1.3K","0",""
"413","Sonotek","Music & Dance","19.6M","India","9.4K","237","23","Animation"
"414","TED-Ed","Science & Technology","19.5M","United States","279.6K","9.8K","369",""
"415","Turma da Mônica","","19.5M","","153.1K","4.6K","0",""
"416","TheOdd1sOut","Movies","19.5M","United States","0","0","0","Animation"
"417","KBS WORLD TV","","19.5M","Indonesia","7.2K","464","9",""
"418","Prime Video India","Movies","19.5M","India","17.3K","576","6","Animation"
"419","Познаватель","DIY & Life Hacks","19.5M","Russia","0","0","0","Toys"
"420","Heidi & Zidane बच्चों की कहानियाँ","Daily vlogs","19.5M","","33.2K","122","0",""
"421","Salman Noman","","19.4M","India","392.5K","28.7K","74",""
"422","Aphmau","Movies","19.4M","United States","1.9M","45.2K","2.1K","Animation"
"423","ILYA BORZOV","","19.4M","India","459.2K","18.8K","45",""
"424","Grammy Gold Official","Music & Dance","19.4M","Thailand","6.7K","184","4",""
"425","Little Angel Español - Canciones Infantiles","Animation","19.4M","","115.1K","246","0",""
"426","Blippi - Educational Videos for Kids","Education","19.3M","","695.4K","1.7K","0","Toys"
"427","HiMan","Video games","19.3M","Russia","606.6K","23.5K","1K",""
"428","Mariano Razo","","19.3M","Mexico","4M","264.2K","988",""
"429","Jimmy Kimmel Live","Movies","19.3M","United States","190.5K","3.7K","270","Humor"
"430","Nick Pro","Movies","19.3M","United States","3.4M","61.5K","177",""
"431","Farruko","Music & Dance","19.3M","United States","46.9K","1.7K","76",""
"432","SonyMusicSouthVEVO","Music & Dance","19.3M","","11.9K","299","16",""
"433","Lil Nas X","Music & Dance","19.2M","United States","203.1K","11.5K","596",""
"434","Yudist Ardhana","Movies","19.1M","Indonesia","295.3K","8.4K","82",""
"435","ZappyToons - Hindi Nursery Rhymes and Stories","Education","19M","","132.5K","745","0",""
"436","the Ludo facts","","18.9M","","406.3K","0","6",""
"437","seungbini shorts","","18.9M","United States","5.1M","130.9K","1.1K",""
"438","The Game Theorists","Movies","18.9M","United States","3.1M","222.9K","22K",""
"439","RsiamMusic : อาร์สยาม","Music & Dance","18.9M","Thailand","4.2K","68","4",""
"440","Fun For Kids TV - Hindi Rhymes","","18.9M","","0","0","0",""
"441","Marmok","Animation","18.9M","Russia","3M","385.5K","16K","Video games"
"442","Ali-A","Animation","18.9M","United States","473.9K","10.8K","389","Video games"
"443","AMARINTV : อมรินทร์ทีวี","News & Politics","18.8M","Thailand","11.8K","164","4",""
"444","ANNA KOVA","","18.8M","","243.4K","4.5K","4",""
"445","Like Nastya VNM","Movies","18.8M","","303.5K","0","0",""
"446","Apple","Music & Dance","18.8M","","1.4M","42.5K","0","Animation"
"447","News 24","Music & Dance","18.7M","India","4.5K","100","2","Animation"
"448","SQUEEZIE","","18.7M","France","441.3K","27.8K","55",""
"449","ArianaGrandeVevo","Music & Dance","18.7M","United States","4.8M","390.5K","39K","Humor"
"450","Dan-Sa / Daniel Saboya","Music & Dance","18.7M","Brazil","18.2K","584","7",""
"451","Good Mythical Morning","Food & Drinks","18.7M","United States","717.7K","26.9K","697",""
"452","Les' Copaque Production","","18.7M","Indonesia","75K","1.6K","0",""
"453","Jordan Matter","Music & Dance","18.6M","United States","6.7M","69.3K","10K","Humor"
"454","Ravi sagar88","","18.6M","India","1.1M","43.9K","262",""
"455","GEN HALILINTAR","Music & Dance","18.5M","Indonesia","1.1M","22.6K","91","Humor"
"456","zbing z.","","18.5M","Thailand","432.4K","12.3K","568",""
"457","KatieAngel","Movies","18.5M","Mexico","72.3K","5K","81","Animation"
"458","Johny FamilyShow","Animation","18.5M","","118.9K","2.1K","0","Toys"
"459","Jason Vlogs","Toys","18.5M","","451.5K","865","0","Autos & Vehicles"
"460","Zuni and Family","Daily vlogs","18.5M","","219.8K","250","0",""
"461","MissaSinfonia","Animation","18.5M","Mexico","0","0","0","Humor"
"462","tanboy kun","Music & Dance","18.5M","Indonesia","1M","21.8K","1.3K",""
"463","TheWillyrex","Movies","18.4M","Spain","54.9K","4.6K","11","Animation"
"464","Manual do Mundo","Science & Technology","18.4M","Brazil","410.6K","44.9K","378",""
"465","Soy Suco","","18.4M","Peru","5.7M","441.9K","7.7K",""
"466","Natan por Aí","","18.4M","Brazil","1M","35.7K","142",""
"467","INCRÍVEL","","18.3M","","7.7K","375","11",""
"468","Sebastián Yatra","Music & Dance","18.3M","Colombia","367.1K","16.2K","690",""
"469","Marques Brownlee","Science & Technology","18.3M","United States","4.6M","178.7K","8.8K",""
"470","sagar kalra (Shorts)","Daily vlogs","18.3M","India","503.3K","11.5K","24",""
"471","TheGrefg","Movies","18.3M","Spain","499.3K","27.3K","575","Video games"
"472","RobleisIUTU","Movies","18.3M","Argentina","292.8K","24.9K","332","Animation"
"473","The geeta gurjar","","18.2M","India","1.5M","25.6K","24",""
"474","Disney Junior","","18.2M","","165.5K","425","0",""
"475","LuisFonsiVEVO","Music & Dance","18.2M","Peru","1.5M","30.5K","1.6K",""
"476","TV9 Bharatvarsh","News & Politics","18.1M","India","5.1K","105","1",""
"477","Chuster","Video games","18.1M","Spain","2M","90K","187",""
"478","What's Idea","","18.1M","","118.8K","3.1K","9",""
"479","El Reino a Jugar","Education","18M","","478K","729","0","Toys"
"480","ГЛЕНТ","Animation","18M","Russia","1.7M","94.3K","2K","Video games"
"481","Vijay Kumar Viner Vlogs","","17.9M","India","71.5K","1.9K","6",""
"482","MoreAliA","Animation","17.9M","United States","403.4K","5.6K","264","Video games"
"483","VICE","News & Politics","17.9M","United States","84.7K","2.3K","102",""
"484","Porta dos Fundos","Movies","17.9M","Brazil","177.1K","14.2K","159","Animation"
"485","IGN","","17.9M","United States","52.9K","1.3K","89",""
"486","Jesser","Video games","17.9M","United States","517","127","11","Humor"
"487","Mrwhosetheboss","","17.9M","United States","3.7M","235.2K","1.7K",""
"488","Justin Flom","Movies","17.9M","United States","432.3K","12.6K","86","Humor"
"489","Bollywood Classics","Music & Dance","17.9M","India","26.1K","222","5",""
"490","MGC Playhouse","Toys","17.9M","","44.6K","19","0","Autos & Vehicles"
"491","Jane ASMR 제인","Daily vlogs","17.8M","Indonesia","128.6K","2.4K","169",""
"492","SriBalajiMovies","Movies","17.8M","India","5.1K","132","0",""
"493","Pop Chartbusters","Music & Dance","17.8M","India","10.6K","144","7",""
"494","Infobells Bangla","Education","17.7M","","150.3K","379","0",""
"495","La Rosa de Guadalupe","Music & Dance","17.7M","Mexico","72.1K","1.4K","27","Animation"
"496","BBC News Hindi","News & Politics","17.7M","India","75.8K","0","172",""
"497","Like Nastya IDN","Music & Dance","17.7M","","488.8K","0","0","Movies"
"498","Travis Scott","Music & Dance","17.7M","United States","6M","312K","10.1K",""
"499","الـريماس - Al-Remas","Music & Dance","17.7M","Iraq","19.7K","811","66",""
"500","NMF News","News & Politics","17.7M","India","6.8K","204","5",""
"501","FactTechz","Movies","17.7M","India","567.8K","39.6K","2.1K","Animation"
"502","TheBrianMaps","Video games","17.7M","Russia","3.7M","294.1K","11K","Humor"
"503","Daily Dose Of Internet","Humor","17.6M","United States","3.3M","164.4K","4.1K",""
"504","boxtoxtv","","17.6M","India","801.9K","25.9K","56",""
"505","JFlaMusic","Music & Dance","17.6M","South Korea","152.3K","8.2K","626",""
"506","Anitta","Music & Dance","17.6M","Brazil","180.9K","10.5K","635",""
"507","TRANS TV Official","Movies","17.6M","Indonesia","584","6","1",""
"508","Gato Galactico","Animation","17.6M","Brazil","55.6K","1.4K","0",""
"509","Mazhavil Manorama","","17.6M","India","9.1K","206","1",""
"510","UFC","Sports","17.5M","United States","117K","2.3K","231",""
"511","Filmy Suraj Actor","","17.5M","","14.2M","659.6K","779",""
"512","Lahari Music - TSeries","Music & Dance","17.5M","India","6.9K","285","2",""
"513","Colors Rishtey","","17.5M","India","7K","451","1",""
"514","Go Ami Go!","Daily vlogs","17.5M","Colombia","0","0","0",""
"515","Ivana Alawi","Movies","17.4M","Philippines","2.6M","73.9K","3.2K","Humor"
"516","Sony LIV","","17.4M","India","5.2K","150","2",""
"517","Queen Official","Music & Dance","17.4M","United States","60.6K","4K","165","Movies"
"518","GH'S","","17.4M","United States","5.1M","202.4K","746",""
"519","Supercar Blondie","Animation","17.4M","United States","519.3K","16.3K","267",""
"520","Mau McMahon","","17.4M","Mexico","2.7M","165.7K","1.6K",""
"521","With Kids[위드키즈]","Animation","17.4M","United States","63.2K","0","0","Toys"
"522","Thairath Online","News & Politics","17.4M","Thailand","12.9K","169","7",""
"523","Aayu and Pihu Show","Movies","17.4M","India","2.6M","37.1K","4.1K","Humor"
"524","LEGO","Animation","17.3M","United States","47.8K","1.2K","0",""
"525","Hasan Tarhan","","17.3M","Iran","357K","6K","9",""
"526","Stubborn Facts","","17.3M","India","101.8K","1.3K","99",""
"527","A2 Motivation by Arvind Arora","","17.2M","India","1M","124.4K","598",""
"528","Lyna","Animation","17.2M","Argentina","311.7K","11K","1.2K","Video games"
"529","Katakit Baby TV","Music & Dance","17.2M","Saudi Arabia","271.2K","1.8K","0",""
"530","GMMTV OFFICIAL​​","Music & Dance","17.2M","Thailand","23.4K","758","28","Movies"
"531","scottsreality","","17.2M","United States","1.6M","40.7K","333",""
"532","Willyrex","Movies","17.2M","Mexico","88.5K","7K","42","Animation"
"533","Ch7HD","","17.2M","Thailand","2.6K","75","1",""
"534","Prajapati News","","17.2M","India","15.1K","869","81",""
"535","Cheri's World","Daily vlogs","17.2M","India","1.1M","60.1K","97",""
"536","Dear Sir","Education","17.1M","India","260.4K","20.9K","578",""
"537","albert_cancook","","17.1M","United States","4.9M","391.6K","1.8K",""
"538","T-Series Hamaar Bhojpuri","Music & Dance","17.1M","India","8.8K","298","8",""
"539","Peet Montzingo","Daily vlogs","17.1M","United States","2.5M","0","2.6K",""
"540","Painzeiro","Daily vlogs","17.1M","Brazil","288.4K","6.5K","291",""
"541","Juliana Baltar","Animation","17M","Brazil","281.3K","10.8K","257",""
"542","Vlad and Niki ARA","Animation","17M","","157.4K","549","0",""
"543","Unspeakable","Animation","16.9M","United States","1M","28.9K","336","Video games"
"544","RCTI - LAYAR DRAMA INDONESIA","Music & Dance","16.9M","Indonesia","931.5","29","0","Movies"
"545","FailArmy","Animation","16.8M","United States","1.3M","16.2K","510","Humor"
"546","Spider VAMBI / ヴァンビ","","16.8M","Japan","547.5K","10K","23",""
"547","The Vishal bhatt","","16.8M","India","365.7K","22.6K","46",""
"548","Sony Music South","Music & Dance","16.8M","India","162.6K","601","66","Movies"
"549","Arif muhammad","Music & Dance","16.8M","Indonesia","3.6M","65.1K","1.7K","Movies"
"550","Tu COSMOPOLIS","News & Politics","16.8M","Mexico","31.6K","2.3K","152",""
"551","TWICE","Music & Dance","16.8M","Philippines","476.1K","72.4K","587","Movies"
"552","ماشا و الدب","","16.8M","","241.6K","3.5K","0",""
"553","EeOneGuy","","16.7M","Russia","504.1K","16.2K","4.3K",""
"554","T3ddy","Animation","16.7M","Brazil","516.4K","59.5K","1.7K","Humor"
"555","DEV Ke Facts","","16.7M","India","1.2M","37.9K","48",""
"556","Amara Que Linda","Daily vlogs","16.7M","Colombia","377.4K","15.4K","85",""
"557","Jennifer Lopez","Music & Dance","16.7M","","111.3K","6.4K","238","Movies"
"558","MK MUSIC","Music & Dance","16.6M","Brazil","6.5K","639","15",""
"559","IDEAS EN 5 MINUTOS","Movies","16.6M","Mexico","45.1K","187","3",""
"560","Pitbull","Music & Dance","16.6M","United States","19.4K","979","31","Movies"
"561","Kaykai Salaider","Movies","16.6M","Thailand","0","0","0","Humor"
"562","MY FAMILY","Animation","16.6M","India","1.2M","4.1K","68","Humor"
"563","La Granja del Borrego","","16.6M","Colombia","2.2M","220.8K","1.8K",""
"564","Sujal Thakral","","16.6M","India","2M","72.6K","165",""
"565","Vilmei","","16.6M","Indonesia","415.4K","0","453",""
"566","Ray William Johnson","Animation","16.6M","United States","1M","54.8K","822","Humor"
"567","Boyce Avenue","Music & Dance","16.6M","Brazil","101.9K","1.8K","75",""
"568","FC Barcelona","Sports","16.5M","United States","135.7K","11.5K","240",""
"569","The MriDul","","16.5M","India","216.3K","8.2K","213",""
"570","HUBA후바","","16.5M","United States","630.6K","25.1K","114",""
"571","Eli Kids - Cartoons & Songs","Music & Dance","16.5M","","109K","2.1K","0",""
"572","FitDance","Music & Dance","16.5M","","32.8K","974","12",""
"573","Bebefinn - Nursery Rhymes & Kids Songs","","16.5M","Philippines","1M","4K","0",""
"574","Antrax","Animation","16.5M","Mexico","0","0","0",""
"575","AdMe","Animation","16.5M","Russia","19.1K","392","24",""
"576","Kids Play","Animation","16.5M","","20.3K","104","0","Toys"
"577","Sandra Cires Art","","16.4M","Colombia","187.4K","10K","590",""
"578","Jamuna TV","News & Politics","16.4M","Bangladesh","33.3K","626","30",""
"579","SEVENGERS","","16.4M","India","3M","287.4K","560",""
"580","Matheus Kriwat","","16.4M","Brazil","461.2K","29.1K","589",""
"581","Kuplinov ► Play","Animation","16.4M","Russia","1.2M","84.4K","1.5K","Video games"
"582","Matt Stonie","Food & Drinks","16.4M","United States","1.2M","52.9K","2.2K",""
"583","JJ Olatunji","","16.4M","United States","112.5K","2.4K","150",""
"584","Kashvi Adlakha","","16.4M","India","82.7K","2.2K","16",""
"585","Blippi Español","","16.4M","","345.2K","930","0",""
"586","KOMPASTV","News & Politics","16.4M","Indonesia","3.8K","29","16",""
"587","GuiGe","","16.3M","India","86.5K","2.5K","4",""
"588","Dyland PROS","Movies","16.3M","Indonesia","24.2K","1.3K","62","Animation"
"589","Volga Video","Movies","16.2M","India","3.1K","27","1","Humor"
"590","Team Films Bhojpuri","Music & Dance","16.2M","India","8.2K","185","23",""
"591","SRK MUSIC","Music & Dance","16.2M","India","180.7K","5.8K","190",""
"592","StudyIQ IAS","News & Politics","16.2M","India","12.1K","566","14",""
"593","DEV Ke Experiment","","16.2M","","1.6M","31.9K","16",""
"594","Camilo","Music & Dance","16.2M","Colombia","54K","3.7K","63",""
"595","5-Minute Crafts FAMILY","","16.1M","India","6.3K","68","2",""
"596","Adam W","Animation","16.1M","United States","1.9M","116.6K","487","Humor"
"597","THE BROWN SIBLINGS","","16.1M","India","609.8K","37.8K","78",""
"598","BROTHERS VLOG","","16.1M","India","715.8K","0","10",""
"599","Sanjoy Das Official","","16.1M","India","649.4K","44.1K","52",""
"600","RS 1313 SHORTS","","16.1M","India","8K","45","6",""
"601","Ian Boggs","Movies","16M","United States","1.2M","72.6K","560","Humor"
"602","PowerfulJRE","Daily vlogs","16M","United States","680.2K","13K","1.4K",""
"603","Cute.Shivani.05","","16M","India","1.5M","144.4K","786",""
"604","Arman Ki Tamanna","","16M","","54.3K","2.8K","312",""
"605","BEN EAGLE","","16M","Vietnam","164.3K","6K","30",""
"606","Linh Nhi Shorts","","16M","United States","232.3K","4.8K","3",""
"607","Luis Méndez","","16M","Mexico","217.2K","25.6K","220",""
"608","AlJazeera Arabic  قناة الجزيرة","News & Politics","16M","Morocco","12.8K","452","33",""
"609","wifistudy by Unacademy","Education","16M","India","2.6K","78","4",""
"610","Vlad y Niki Show","","16M","","711K","1.7K","0",""
"611","Mobile Legends: Bang Bang","Animation","16M","Indonesia","97.6K","3.9K","351","Video games"
"612","Dr Ryan","","15.9M","United States","294.3K","10K","134",""
"613","Ravindra Bharti - Social, Business & Life","","15.9M","","4.1K","129","0",""
"614","CNN","Music & Dance","15.9M","United States","102.6K","1.8K","1K","Animation"
"615","Netflix Jr.","Animation","15.9M","","104.8K","150","0","Humor"
"616","حِرف إبداعية في 5 دقائق","Movies","15.8M","Egypt","28.8K","112","5",""
"617","MNCTV OFFICIAL","Music & Dance","15.8M","Indonesia","825","26","0","Movies"
"618","Henrique e Juliano","Music & Dance","15.8M","Brazil","514.8K","8.6K","223",""
"619","ABC News","News & Politics","15.8M","United States","26.2K","468","47",""
"620","Rotten Tomatoes Trailers","Movies","15.8M","United States","27.7K","466","53","Animation"
"621","Zee Bangla","","15.8M","India","4.9K","134","0",""
"622","JT Casey","Animation","15.8M","United States","174.9K","9.6K","188","Humor"
"623","NDTV India","News & Politics","15.8M","India","5.1K","95","2",""
"624","Dental Digest","","15.8M","United States","442.8K","19.5K","182",""
"625","Влад и Никита","Toys","15.8M","","1.2M","2.8K","0",""
"626","Mis Pastelitos","Food & Drinks","15.8M","Mexico","978.4K","49.3K","640",""
"627","Indore Physical Academy","Daily vlogs","15.8M","India","20.5K","1.1K","59",""
"628","Genierock","Music & Dance","15.8M","Thailand","328.2K","2.4K","99",""
"629","Vlad and Niki PRT","Movies","15.8M","","566.2K","0","0","Humor"
"630","EdisonPts","Video games","15.8M","Russia","1.7M","116.1K","5K",""
"631","ABS-CBN News","News & Politics","15.8M","Philippines","2K","23","1",""
"632","Talking Tom & Friends TV","Animation","15.8M","United States","51.6K","297","0","Humor"
"633","MARIANA","Movies","15.7M","Mexico","325.3K","15.9K","180",""
"634","Kritika Channel","","15.7M","","2.5M","38.8K","23",""
"635","LOKESH GAMER","","15.6M","India","119.3K","7.8K","501",""
"636","Hongyu ASMR 홍유","ASMR","15.6M","United States","427.2K","3.9K","129",""
"637","BBC News","News & Politics","15.6M","United States","64.6K","980","349",""
"638","Niana Guerrero","Music & Dance","15.6M","Philippines","572.6K","12.6K","299",""
"639","Jomy Production","","15.6M","India","1.6M","63.4K","67",""
"640","Klara Tania","Movies","15.6M","Indonesia","1.1M","70.8K","119","Animation"
"641","LukeDidThat","","15.6M","United States","3.8M","130.9K","1.4K",""
"642","XpressTV","Autos & Vehicles","15.6M","Mexico","1.3M","28.7K","281",""
"643","ช่อง8 : Thai Ch8","","15.6M","Thailand","21.3K","259","4",""
"644","Stray Kids","Music & Dance","15.6M","United States","1.2M","137.9K","4.5K","Movies"
"645","Linus Tech Tips","Science & Technology","15.6M","United States","1.1M","43.6K","1.9K",""
"646","Dave and Ava - Nursery Rhymes and Baby Songs","Music & Dance","15.6M","","123.7K","416","0",""
"647","Daftar Populer","","15.6M","Indonesia","68.7K","769","92",""
"648","Little Angel - Músicas Infantis em Português","Animation","15.6M","","296.3K","940","0",""
"649","JULIA GISELLA","","15.5M","United States","2.6M","155.4K","2.8K",""
"650","Caeli YT","","15.5M","","28.5K","768","179",""
"651","E-MasterSensei","Movies","15.5M","Mexico","985.3K","15.2K","584","Video games"
"652","BigChungus","","15.5M","Argentina","2.3M","155.7K","1K",""
"653","GOLU008","","15.5M","India","5.8M","187.9K","369",""
"654","Liza Baez","","15.5M","Mexico","2.7M","348.2K","1.6K",""
"655","RupalChoudhary TD","","15.5M","India","142.1K","4.6K","21",""
"656","Kerajinan 5-Menit","","15.5M","Indonesia","11.1K","48","2",""
"657","Mohamed Ramadan I محمد رمضان","Music & Dance","15.4M","Egypt","78.6K","3.6K","157","Movies"
"658","Roman Atwood Vlogs","Movies","15.4M","United States","236.2K","13K","190","Humor"
"659","Makiman131","Movies","15.4M","Spain","54.8K","4K","92","Animation"
"660","PlayStation","","15.4M","United States","39.6K","1.2K","115",""
"661","SportsNation","Sports","15.4M","United States","72.2K","2.7K","31",""
"662","Luli Pampín","Music & Dance","15.4M","","2.5M","5.3K","0","Animation"
"663","CrashCourse","Science & Technology","15.4M","United States","42.9K","1.4K","49",""
"664","League of Legends","Movies","15.4M","United States","2.2M","111.4K","5K","Animation"
"665","The Dodo","Animals & Pets","15.4M","United States","580.8K","25.9K","564",""
"666","Zé Neto e Cristiano","","15.4M","Brazil","8.6K","820","36",""
"667","Woody & Kleiny","Video games","15.4M","United States","220.2K","15.2K","42","Humor"
"668","infobells - Kannada","Education","15.4M","","234.7K","217","0",""
"669","Kwebbelkop","Animation","15.4M","United States","22.9K","622","26","Video games"
"670","Pokémon Kids TV","","15.3M","","89.8K","0","0",""
"671","FACT FIRE KING","","15.3M","","381.5K","21.7K","107",""
"672","PrestonPlayz","Animation","15.2M","United States","1.6M","30.7K","1.2K","Video games"
"673","Camila Loures","Movies","15.2M","Brazil","400.4K","24K","463","Humor"
"674","Oyuncak Avı","Animation","15.2M","","87.2K","0","6","Video games"
"675","Mariale","","15.2M","Mexico","11.2K","574","11",""
"676","O Reino Infantil","Music & Dance","15.2M","","87.2K","116","0",""
"677","Ranz Kyle","","15.2M","Philippines","434.7K","9.8K","195",""
"678","Grandmaster JinBodhi Main Channel","Animation","15.2M","Singapore","13.8K","594","5",""
"679","Compot","Animation","15.2M","Russia","1.2M","48.5K","2.4K","Video games"
"680","Lana Del Rey","Music & Dance","15.2M","United States","493.5K","90.3K","5.9K",""
"681","Gyan Gamingㅤ","Video games","15.2M","India","105.2K","11.3K","126","Humor"
"682","Aadishakti Films","Music & Dance","15.2M","","165.5K","8.2K","340",""
"683","Rebecca Zamolo","Movies","15.2M","United States","2.5M","27.4K","2.6K","Humor"
"684","Crescendo com Luluca","Animation","15.2M","Brazil","837.4K","43.5K","2.9K",""
"685","Saad Lamjarred | سعد لمجرد","Music & Dance","15.2M","Morocco","7.7M","110.7K","3.9K",""
"686","Alexa Rivera","Animation","15.1M","United States","2.7M","41.8K","2.4K","Humor"
"687","Kajal Soni","","15.1M","","5.4M","213.3K","354",""
"688","Jazzghost","Movies","15.1M","Brazil","1.6M","79.8K","4.5K","Animation"
"689","Zee Telugu","","15M","India","6.5K","131","0",""
"690","MattyBRaps","Music & Dance","15M","United States","0","0","0",""
"691","The Slow Mo Guys","","15M","United States","919.6K","57.1K","1.9K",""
"692","Lachlan","Animation","15M","United States","568.5K","15.6K","281","Video games"
"693","Telemundo","","15M","Argentina","8.9K","123","6",""
"694","Трум Трум","Video games","15M","","84.4K","2K","43","Toys"
"695","iTownGamePlay *Terror&Diversión*","Animation","15M","Mexico","49.3K","2.9K","182","Video games"
"696","웃웃TwinsFromRussia","Animation","15M","United States","86.7K","2.9K","28","Humor"
"697","GMM25Thailand","","15M","Thailand","3K","65","0",""
"698","Zig & Sharko","Humor","15M","","114.6K","1K","0",""
"699","Auron","Movies","15M","Mexico","1M","59K","978","Animation"
"700","Think Music India","Music & Dance","15M","India","29.1K","838","7",""
"701","Jorge & Mateus Oficial","Music & Dance","15M","Brazil","20.9K","2.2K","75",""
"702","BIBO и Игрушки","Animation","15M","","42.5K","0","0","Video games"
"703","Crazy Frog","Music & Dance","15M","United States","637.3K","13.4K","95","Animation"
"704","NOBRU","Movies","15M","Brazil","533.8K","43.7K","165","Animation"
"705","5-Minute Crafts Recycle","","15M","India","4.8K","45","1",""
"706","TheRichest","News & Politics","14.9M","United States","7.2K","231","12",""
"707","Miss Karisha","","14.9M","","115.5K","0","29",""
"708","Tappu Honey Parmar","","14.9M","India","1.4M","41K","159",""
"709","Come Play With Me","Movies","14.9M","","1.4M","2.7K","0","Toys"
"710","Fueled By Ramen","Music & Dance","14.9M","United States","49.7K","1.8K","151",""
"711","Meghan Trainor","Movies","14.9M","United States","13K","562","53","Humor"
"712","Airrack","Video games","14.8M","United States","6.2M","316K","921","Humor"
"713","Bobon Santoso","Music & Dance","14.8M","Indonesia","318.5K","11.8K","749","Movies"
"714","Dropout","Movies","14.8M","United States","0","0","0","Humor"
"715","Major Lazer Official","Music & Dance","14.8M","United States","25.4K","792","37","Movies"
"716","Geo News","","14.8M","Pakistan","3K","66","2",""
"717","Like Nastya Stories","Animation","14.8M","","99.3K","369","0","Toys"
"718","Tibo InShape","Animation","14.8M","France","440K","31.8K","229",""
"719","Saito さいとう","","14.8M","United States","613.8K","15.7K","22",""
"720","MalumaVEVO","Music & Dance","14.8M","Mexico","2.2M","66.7K","2.6K",""
"721","karameeshchannel","Music & Dance","14.8M","Jordan","125.9K","435","0",""
"722","Acenix","Animation","14.8M","Mexico","980.6K","20.9K","1K","Video games"
"723","pets swag","","14.8M","United States","257.2K","7.9K","78",""
"724","TommyInnit","Video games","14.8M","United States","597.2K","67.3K","3.5K","Humor"
"725","Chad Wild Clay","Movies","14.8M","United States","1.2M","15.4K","2.7K","Humor"
"726","Reaction Time","Animation","14.8M","United States","44.5K","1.9K","53","Humor"
"727","حقائق وأسرار","","14.8M","Egypt","17.8K","709","20",""
"728","Manish Sahu 47","","14.7M","India","525.2K","25.4K","181",""
"729","LittleGlove","Daily vlogs","14.7M","India","963.8K","43.7K","165",""
"730","Veritasium","Science & Technology","14.7M","United States","3.1M","155.1K","24K",""
"731","BehindwoodsTV","Daily vlogs","14.6M","","13.7K","299","3",""
"732","Boram Tube ToysReview [보람튜브 토이리뷰]","Movies","14.6M","","9.3K","68","0","Toys"
"733","قناة وناسة -  Wanasah TV","Movies","14.6M","","428.9K","2.4K","0","Animation"
"734","Wish 107.5","Music & Dance","14.6M","Philippines","50.2K","985","75","Movies"
"735","Desi Gamers","","14.6M","India","2M","154.5K","4.9K",""
"736","Dhruv Rathee","News & Politics","14.6M","India","7.6M","301.9K","14.5K",""
"737","T-Series Regional","Music & Dance","14.6M","India","2.9K","51","5",""
"738","AlArabiya العربية","News & Politics","14.6M","Morocco","7.5K","162","10",""
"739","RaptorGamer","Animation","14.6M","Mexico","118.1K","11.3K","279","Video games"
"740","IDEIAS INCRÍVEIS","","14.6M","Brazil","30K","137","3",""
"741","Ryan Trahan","Movies","14.6M","United States","1.6M","102.6K","289",""
"742","penguinz0","Movies","14.6M","United States","1.5M","67.9K","3.3K",""
"743","BigTasty","","14.6M","United States","39.8K","1.9K","5",""
"744","Cyprien","Movies","14.6M","France","65.8K","8.4K","117","Animation"
"745","O Que Não Dizer Oficial","Movies","14.6M","Brazil","93.5K","10.3K","60","Animation"
"746","أترو/Atro","","14.6M","Iraq","270.7K","33.2K","7.5K",""
"747","Goldmines Premiere","","14.6M","","7.8K","200","0",""
"748","NikkieTutorials","Design/art","14.6M","United States","3.7M","196.3K","1K","Beauty"
"749","ETV Jabardasth","Humor","14.6M","India","62.8K","1.1K","5",""
"750","Rosanna Pansino","DIY & Life Hacks","14.6M","United States","44K","2.9K","27",""
"751","Rosanna Pansino","DIY & Life Hacks","14.6M","United States","44K","2.9K","27",""
"752","Маша та Ведмідь","","14.6M","","244.7K","2.5K","0",""
"753","penguinz0","Movies","14.5M","United States","1.5M","63.4K","3.1K",""
"754","BigTasty","","14.5M","United States","40.2K","1.9K","5",""
"755","Czn Burak","Daily vlogs","14.5M","Turkey","374.3K","16.7K","271",""
"756","Caylus","Animation","14.5M","United States","565K","11.3K","500","Video games"
"757","Hacksmith Industries","Video games","14.5M","United States","185.9K","11.8K","96",""
"758","Bon Bon Media","","14.5M","United Kingdom","166.7K","2.8K","4",""
"759","DangMattSmith","Animation","14.5M","","95.1K","3.2K","370","Humor"
"760","Adaah Queen","","14.5M","India","1.4M","76.5K","224",""
"761","Луномосик","Movies","14.5M","Russia","1.6M","43.2K","2.1K","Video games"
"762","Drawblogs","Movies","14.5M","Mexico","8.9K","327","22","Animation"
"763","서은일상이야기","Movies","14.4M","","9K","30","0","Humor"
"764","Mythpat","","14.4M","India","2M","133.4K","33.7K",""
"765","Lilly Singh","Animation","14.4M","United States","57.1K","2.7K","28","Humor"
"766","Kids TV India Hindi Nursery Rhymes","Toys","14.4M","","21.9K","78","0",""
"767","TV Ana Emilia","","14.4M","Mexico","122K","5.5K","214",""
"768","Blockbuster Movies","Daily vlogs","14.4M","India","7.8K","184","2",""
"769","Bie The Ska","","14.4M","Thailand","309.6K","6.6K","162",""
"770","BanderitaX","Animation","14.4M","Saudi Arabia","1.4M","111.3K","1.3K","Video games"
"771","Atlantic Records","","14.4M","United States","6.6K","304","6",""
"772","Family Fitness","","14.3M","India","380.8K","17.7K","486",""
"773","RobTopGames","","14.3M","United States","105.5K","9K","587",""
"774","Red Bull","Sports","14.3M","United States","982.2K","42K","249",""
"775","Invento na Hora","Movies","14.2M","Brazil","558.8K","50.1K","729","Humor"
"776","Codiscos","Music & Dance","14.2M","","25.7K","454","14",""
"777","Right to Shiksha","","14.2M","India","317.4K","40.7K","98",""
"778","Typical Gamer","Animation","14.2M","United States","337.8K","6.1K","244","Video games"
"779","GMA Integrated News","Music & Dance","14.2M","Philippines","2.8K","69","1",""
"780","NH Studioz","","14.2M","India","10.7K","71","2",""
"781","Fact Brain 96","","14.2M","","174.5K","0","54",""
"782","MC Divertida","Music & Dance","14.2M","","1.2M","3.2K","0","Movies"
"783","Nick DiGiovanni","Food & Drinks","14.2M","United States","8.5M","962.1K","4.3K",""
"784","Diana Belitskay","","14.2M","United States","259.7K","14.8K","209",""
"785","Brawl Stars","Animation","14.2M","United States","1.4M","101.6K","2.5K",""
"786","AM3NlC","Autos & Vehicles","14.2M","Brazil","164.5K","15.7K","229",""
"787","NishaMadhulika","Food & Drinks","14.2M","India","157K","2.6K","430",""
"788","Super Polina","","14.2M","Russia","4.9K","21","0",""
"789","infobells","Toys","14.2M","","60.8K","1.1K","0","Autos & Vehicles"
"790","#Refugio Mental","Movies","14.1M","Argentina","133.2K","1.7K","42","Animation"
"791","Su Hao","Daily vlogs","14.1M","United States","176.1K","3.4K","3",""
"792","Zee Tamil","Movies","14.1M","India","11.1K","211","1","Humor"
"793","Fact YT","","14.1M","","227.3K","0","30",""
"794","Trap City","Music & Dance","14.1M","United States","12.9K","689","34",""
"795","Vogue","Fashion","14.1M","United States","95.5K","4.4K","52",""
"796","Mission Facts","","14.1M","","4.9K","0","0",""
"797","Поззи","Animation","14M","Russia","352.4K","13.7K","972","Video games"
"798","Zeinab Harake","Humor","14M","Philippines","1.8M","71.6K","2.3K",""
"799","123 GO! Spanish","Animation","14M","Mexico","86.5K","515","20",""
"800","Мастерская Настроения","Movies","14M","Russia","330.2K","5K","107","Video games"
"801","BBC","Movies","14M","United Kingdom","6.8K","173","4","Animation"
"802","Saturday Night Live","Movies","14M","United States","963.6K","18.8K","681","Humor"
"803","Darkar Company Studios","Animation","14M","Mexico","507.9K","61.5K","1K","Video games"
"804","Jooj Natu","","14M","Brazil","1.4M","138.5K","463",""
"805","Emilly Vick","Animation","14M","Brazil","2.7M","0","4.3K","Humor"
"806","Trakin Tech","News & Politics","14M","India","582.1K","30.6K","1.4K",""
"807","FAPTV","Animation","14M","United States","67K","2.1K","10","Humor"
"808","Merrick Hanna","","14M","United States","147.4K","7.7K","77",""
"809","My Mate Nate","","14M","Thailand","803.7K","20.3K","610",""
"810","PlayHard","Animation","14M","Brazil","156.9K","23.7K","86","Video games"
"811","DRJ Records Specials","","14M","India","9.5K","41","2",""
"812","Enterr10 Rangeela","Music & Dance","13.9M","India","9.3K","79","2",""
"813","Lofi Girl","Humor","13.9M","United States","119.2K","9.7K","146",""
"814","benja calero","Movies","13.9M","Argentina","2.1M","199.3K","937","Animation"
"815","Anninha","","13.9M","United States","395.5K","12K","96",""
"816","Gustavo Paródias","Music & Dance","13.9M","Brazil","68.8K","2.6K","18","Animation"
"817","Uman sayyed shorts","","13.9M","India","251.3K","11.7K","25",""
"818","BOT NETWORK","","13.9M","","9.4K","1.9K","957",""
"819","BUDI01 GAMING","Movies","13.9M","Indonesia","1M","39.1K","2.4K","Animation"
"820","Awakening Music","Music & Dance","13.9M","Indonesia","10.3K","768","30",""
"821","The Infographics Show","Education","13.8M","United States","102.7K","2.8K","222",""
"822","Wesley Safadão","Music & Dance","13.8M","Brazil","94K","3.6K","127",""
"823","Peppa Pig em Português Brasil - Canal Oficial","Movies","13.8M","","818.9K","3.1K","0","Animation"
"824","JOJO TV - Hindi Stories","Music & Dance","13.8M","India","12.2K","61","1",""
"825","KOYA with","Movies","13.8M","","5.5K","18","0","Humor"
"826","Pastor Antônio Júnior","Music & Dance","13.8M","Brazil","207.5K","47.5K","4.3K",""
"827","MAIKI021","Animation","13.8M","Brazil","18.2K","2.1K","175","Humor"
"828","Sonotek Bhakti","Music & Dance","13.8M","India","6.8K","177","22",""
"829","CRAZY GREAPA","","13.8M","India","2.8M","110K","210",""
"830","FAMILY BOOMS","","13.8M","India","1.1M","27.4K","33",""
"831","Free Fire India Official","","13.8M","India","186.9K","20.5K","338",""
"832","Ju Araújo","Music & Dance","13.8M","Brazil","32.9K","1K","28",""
"833","El Tío Néstor","Animation","13.8M","Mexico","865.7K","58.7K","364",""
"834","XDSchool","","13.8M","United States","125.6K","9K","24",""
"835","DALLMYD","Mystery","13.8M","United States","615.1K","31.3K","524",""
"836","Lady Diana","Music & Dance","13.8M","Russia","1M","34.3K","2.6K","Video games"
"837","Diana and Roma IND","Animation","13.8M","","292.9K","526","0","Toys"
"838","Just For Laughs Gags","","13.8M","United States","99.5K","1.3K","31",""
"839","MyMissAnand","Movies","13.8M","India","706.6K","11K","0","Humor"
"840","Technology Gyan","","13.7M","India","376.5K","19.5K","931",""
"841","NITIN FREE FIRE","","13.7M","India","976K","116.5K","1.4K",""
"842","Kabita's Kitchen","","13.7M","India","102.6K","2.9K","161",""
"843","Miniature bana","","13.7M","","70.8K","0","4",""
"844","Sinotal Gaming","","13.7M","","58.4K","4K","10",""
"845","Anaysa","Movies","13.7M","India","379.8K","6.1K","245","Humor"
"846","Jane & Sergio 🥰","","13.7M","United States","93.5K","2K","5",""
"847","English Connection","Movies","13.6M","India","182.8K","10.4K","167",""
"848","Online Job","","13.6M","India","3.7K","84","11",""
"849","Ricky Limon","","13.6M","Mexico","3.9M","242.2K","3.1K",""
"850","gogo 2728","Daily vlogs","13.6M","India","1M","83.1K","107",""
"851","STAR भारत","","13.6M","India","10.5K","275","2",""
"852","Alextis","","13.6M","Spain","305.2K","13.4K","80",""
"853","Heidi y Zidane","Daily vlogs","13.6M","","99.2K","359","0",""
"854","ATHLEAN-X™","Fitness","13.6M","United States","265.7K","8.6K","314","Health & Self Help"
"855","theRadBrad","Animation","13.6M","United States","137.5K","5.4K","295","Video games"
"856","Alex Gonzaga Official","Movies","13.6M","Philippines","2.2M","49K","987","Humor"
"857","Jugnu Kids - Nursery Rhymes and Best Baby Songs","Food & Drinks","13.6M","","62.5K","189","0","Toys"
"858","Jack Doherty","","13.6M","United States","766.5K","22.7K","471",""
"859","Moonbug Kids - Sing Along With Me!","Toys","13.6M","","43.7K","64","0",""
"860","technical Bana","","13.5M","","48.9K","0","4",""
"861","EnriqueIglesiasVEVO","","13.5M","United States","0","0","0",""
"862","Matt Steffanina","Music & Dance","13.5M","United States","33.3K","1.8K","64","Movies"
"863","Deepali Markam","","13.5M","India","2.8M","93.2K","55",""
"864","Albertisment","Video games","13.5M","Spain","501.4K","18K","116",""
"865","설기양SULGI","ASMR","13.5M","United States","311.2K","6.8K","214","Food & Drinks"
"866","The McFive Circus","","13.5M","United States","458.4K","15.3K","176",""
"867","H2ODelirious","Video games","13.5M","United States","108.5K","4.9K","132","Humor"
"868","Hungria Hip Hop","Music & Dance","13.4M","Brazil","26.3K","2.9K","68",""
"869","Kirya Kolesnikov","Daily vlogs","13.4M","United States","59.6K","1.6K","9",""
"870","Lokdhun Punjabi","Music & Dance","13.4M","India","347.1K","515","57",""
"871","Knowledge Tv हिन्दी","Music & Dance","13.4M","India","71.5K","1K","112","Animation"
"872","Ei Nerd","Movies","13.4M","Brazil","153.6K","20.2K","533","Animation"
"873","WinnerMax","Movies","13.4M","Colombia","132.1K","7.5K","305","Animation"
"874","VexTrex","Movies","13.4M","","24.7K","0","0","Animation"
"875","Теремок ТВ","","13.4M","","78.1K","118","0",""
"876","The World Adventures हिन्दी","Daily vlogs","13.4M","","5K","195","14",""
"877","SHoNgxBоNg","","13.4M","Saudi Arabia","3.4M","309.1K","13K",""
"878","RedeTV","","13.4M","Brazil","4K","121","2",""
"879","Captain Watch Hits","","13.4M","India","347.9K","15.6K","51",""
"880","Saregama Hum Bhojpuri","Music & Dance","13.4M","India","25.3K","966","33",""
"881","The Q","","13.3M","United States","27.9K","1.4K","74",""
"882","Kurt Hugo Schneider","","13.3M","United States","75.5K","4.4K","58",""
"883","Amaury Guichon","","13.3M","United States","4M","182.9K","1.5K",""
"884","Moosa Tv Info","","13.3M","India","1.5M","34.4K","269",""
"885","Watch Me","Movies","13.3M","Russia","148.8K","2.9K","20","Animation"
"886","SpriteDer SPD","Humor","13.3M","Thailand","1.2M","34.8K","112",""
"887","VENDY YADUWANSHI","","13.3M","India","220.2K","20.3K","45",""
"888","Franco Escamilla","Movies","13.3M","Mexico","333.8K","14.9K","141","Humor"
"889","Ornella Zocco","","13.3M","Italy","62.2K","1.1K","19",""
"890","Wolfoo Channel","Movies","13.2M","","52.2K","122","0","Toys"
"891","JesseAndMike","Animation","13.2M","United States","180.6K","2.4K","141","Humor"
"892","YoungBoy Never Broke Again","Music & Dance","13.2M","United States","425.1K","27.9K","2.8K",""
"893","Rachit Rojha","","13.2M","India","509.3K","18.6K","139",""
"894","Jass Records","Music & Dance","13.2M","India","7.1K","350","6",""
"895","Farjana Drawing Academy","","13.2M","India","253.5K","11.1K","228",""
"896","Aniruddhacharya ji","Daily vlogs","13.2M","India","87.5K","3.4K","185",""
"897","Jagdish Comedian","","13.2M","","2M","40.9K","12",""
"898","Luke Davidson","Animation","13.2M","United States","1.8M","144.8K","1.2K","Humor"
"899","Bihari Ladka","","13.2M","India","897.1K","76.4K","629",""
"900","Lucan Pevidor","","13.2M","Brazil","881.4K","40K","173",""
"901","BIBO와 장난감","","13.2M","","34.4K","0","0",""
"902","Duo Tiempo De Sol","Music & Dance","13.2M","","79.6K","149","0","Animation"
"903","CTC","Movies","13.2M","Russia","27.5K","562","13","Animation"
"904","First We Feast","Movies","13.2M","United States","146K","5.5K","126",""
"905","Top Viral Talent","","13.2M","United States","13.4K","215","5",""
"906","VYRLOriginals","","13.1M","India","36.3K","1.5K","19",""
"907","gymvirtual","Fitness","13.1M","Mexico","42.4K","1.5K","46","Health & Self Help"
"908","Oneindia Hindi | वनइंडिया हिंदी","Music & Dance","13.1M","India","4.4K","85","2","Animation"
"909","Yarook_Malik22","","13.1M","","156.7K","11K","35",""
"910","Diosdado Juarez","Fitness","13.1M","Mexico","1.5M","131.4K","434",""
"911","Times Music","Music & Dance","13.1M","India","11.8K","543","11",""
"912","Quantum Tech HD","Science & Technology","13.1M","United States","517.6K","3.3K","53",""
"913","Chota Ali vlogs","","13M","","202.4K","7K","113",""
"914","Wild 'N Out","Music & Dance","13M","United States","356.4K","7K","143","Humor"
"915","Baby Monster School","","13M","United States","936.7K","32.2K","72",""
"916","Rathore Cassettes","Music & Dance","13M","India","3.3K","46","5",""
"917","Monsta","","13M","Indonesia","250.6K","10.9K","161",""
"918","Talking Angela","Music & Dance","13M","United States","115.2K","656","0","Movies"
"919","NDTV","News & Politics","13M","India","2.4K","45","1",""
"920","Biper y sus Amigos","Music & Dance","13M","","83.2K","0","0","Movies"
"921","Mundo Bita","Music & Dance","13M","","92.4K","2.1K","0",""
"922","Más SKabeche","Movies","13M","Mexico","63.8K","4.6K","35",""
"923","Flowers Comedy","Humor","13M","India","12.9K","285","2",""
"924","Nas Daily","Daily vlogs","13M","United States","637.9K","32.5K","510",""
"925","ام سيف Om sayf","","13M","Iraq","6.1M","213.4K","1.1K",""
"926","Talent Recap","Music & Dance","13M","United States","47K","527","26","Humor"
"927","Olivia Rodrigo","Music & Dance","13M","United States","530.5K","30.1K","1.2K","Animation"
"928","Harsha Sai - For You Hindi","","13M","India","1.1M","93.8K","1.6K",""
"929","HISTORY","Movies","13M","United States","78.6K","1.3K","82",""
"930","eltrece","Music & Dance","13M","","3.2K","37","6",""
"931","عائلة ابو رعد للمنوعات","","13M","","482.9K","8.8K","11",""
"932","GoldminesAction","","13M","","8.1K","155","0",""
"933","Troom Troom India","","13M","India","76.9K","671","9",""
"934","Hero Movies 2024","Daily vlogs","13M","India","7.7K","173","1",""
"935","POCOYÓ en ESPAÑOL - Canal Oficial","","13M","","358K","1.5K","0",""
"936","Wave Music Bhakti","Music & Dance","13M","","1.7K","18","3",""
"937","bharatzkitchen HINDI","Music & Dance","12.9M","India","232.8K","2.7K","122",""
"938","Blossom","","12.9M","United States","23.1K","836","4",""
"939","Inside Edition","News & Politics","12.9M","United States","53K","1.3K","120",""
"940","Karen Bustillos","","12.9M","Mexico","1.8M","112K","1.7K",""
"941","Tonni art and craft","Music & Dance","12.9M","India","683K","29.6K","270",""
"942","DisneyChannelUK","Movies","12.9M","","31.7K","754","0","Humor"
"943","ARGEN","","12.9M","Russia","742.3K","55.9K","603",""
"944","King of Cubers","","12.9M","India","53.2K","2.4K","37",""
"945","The Film Theorists","Movies","12.9M","United States","1.9M","123.7K","6.4K","Animation"
"946","Pari's Lifestyle","","12.9M","India","469.8K","3K","315",""
"947","Troom Troom Indonesia","Music & Dance","12.9M","Indonesia","82.6K","1.1K","40","Movies"
"948","Factsman","","12.8M","","28.6K","0","38",""
"949","Ankita Bhawsar","","12.8M","India","1.5M","76.2K","66",""
"950","DaniRep | +6 Vídeos Diarios De GTA 5 Online!","Animation","12.8M","Mexico","165.1K","11.2K","73","Video games"
"951","MrSuicideSheep","","12.8M","United States","59.9K","2.4K","152",""
"952","Timba Vk","Animation","12.8M","Mexico","1.3M","29.5K","703","Video games"
"953","Al Jazeera English","News & Politics","12.8M","United States","14.3K","508","133",""
"954","Heidi and Zidane Kids Fun","Animation","12.8M","","61.5K","1K","0","Toys"
"955","SuperHero Kids","Animation","12.8M","","88.6K","2.1K","5",""
"956","Piuzinho","Movies","12.8M","Brazil","251.6K","54.4K","2.6K","Animation"
"957","Parafernalha","Movies","12.8M","Brazil","41.7K","4.3K","27","Humor"
"958","#Refúgio Mental","Movies","12.8M","Brazil","266.4K","4.7K","96","Animation"
"959","Ellie Goulding","Music & Dance","12.8M","United States","39.4K","2.1K","162",""
"960","YoSoyPlex","Movies","12.8M","Spain","2.1M","120.6K","5.9K","Video games"
"961","Lulu99","","12.8M","Colombia","443.4K","22.7K","557",""
"962","Avril Lavigne","Music & Dance","12.8M","United States","43K","6.8K","220",""
"963","Heera Gold","Daily vlogs","12.8M","Pakistan","52.5K","1.1K","79",""
"964","Telugu Filmnagar","","12.8M","India","6.5K","231","1",""
"965","Tayo Bus Kecil - Tayo Bahasa Indonesia","Music & Dance","12.8M","Indonesia","216.5K","192","0",""
"966","M4 Tech","","12.7M","India","1M","43.1K","958",""
"967","vlogger varun","","12.7M","India","3.4M","186.8K","243",""
"968","Positive Energy-Funny family","","12.6M","","136.6K","0","4",""
"969","That's Amazing Shorts","","12.6M","United States","97.7K","3.8K","52",""
"970","माशा एंड द बेयर","Animation","12.6M","","165.9K","1.7K","0","Toys"
"971","Ruh","","12.6M","","43.2K","835","1",""
"972","Troom Troom PT","Animation","12.6M","Brazil","88.4K","1.4K","42",""
"973","Hi-Tech Islamic Naat","Music & Dance","12.6M","Pakistan","12.1K","213","23",""
"974","CaseyNeistat","Movies","12.6M","United States","0","0","0",""
"975","Yair17","Movies","12.6M","Mexico","86.8K","7.7K","316","Animation"
"976","LipaoGamer","Movies","12.6M","Brazil","128.2K","4K","110","Animation"
"977","Теремок - Песенки для детей","","12.6M","Russia","63.3K","106","0",""
"978","Wolfoo Family","Movies","12.6M","","211.4K","819","0","Toys"
"979","Family Box","Movies","12.6M","Russia","154.7K","5.3K","76",""
"980","Chiku life vlogs","","12.6M","","2.1M","99.6K","305",""
"981","Health Time","Daily vlogs","12.6M","India","2.3K","68","2",""
"982","MicroStrategy","Daily vlogs","12.6M","India","385.6K","25.6K","656",""
"983","Yoga With Adriene","Fitness","12.6M","United States","470.2K","12.4K","1K",""
"984","People Vs Food","Food & Drinks","12.6M","United States","19.1K","1K","15",""
"985","Panda","Animation","12.6M","India","182.9K","15.5K","117","Video games"
"986","NFL","Sports","12.6M","United States","37.7K","626","117",""
"987","Videogyan Kids - Learning Videos & Nursery Rhymes","Animation","12.6M","","67.1K","1.1K","0","Toys"
"988","Goldmines Housefull","","12.6M","","9.9K","0","0",""
"989","Ethan Funny Family","","12.6M","United States","934K","32.6K","46",""
"990","NATTI NATASHA","Music & Dance","12.6M","United States","20.1K","1.9K","58",""
"991","Make Joke Of","Movies","12.6M","India","3.7M","153.2K","727","Animation"
"992","Utkarsh Classes","Education","12.6M","India","91.7K","7.2K","207",""
"993","LOUD","","12.6M","Brazil","99K","7.1K","96",""
"994","Black Eyed Peas","Music & Dance","12.6M","United States","8K","667","14",""
"995","Little Baby Bum en Español","","12.6M","","21K","45","0",""
"996","BBC Earth","","12.5M","United States","80.3K","1.7K","79",""
"997","Jamie Nyland","Animation","12.5M","United States","66.7K","2.5K","104","Humor"
"998","janin al chair","","12.5M","Mexico","1.4M","146.1K","485",""
"999","Myke Towers","Music & Dance","12.5M","Colombia","8.3K","485","8",""
"1000","HikakinTV","Humor","12.5M","Japan","703.2K","25.3K","312",""
"952","Timba Vk","Animation","12.8M","Mexico","1.3M","29.5K","703","Video games"
"954","Heidi and Zidane Kids Fun","Animation","12.8M","","61.5K","1K","0","Toys"
"958","#Refúgio Mental","Movies","12.8M","Brazil","266.4K","4.7K","96","Animation"
"959","Ellie Goulding","Music & Dance","12.8M","United States","39.4K","2.1K","162",""
"960","YoSoyPlex","Movies","12.8M","Spain","2.1M","120.6K","5.9K","Video games"
"961","Lulu99","","12.8M","Colombia","443.4K","22.7K","557",""
"962","Avril Lavigne","Music & Dance","12.8M","United States","43K","6.8K","220",""
"963","Heera Gold","Daily vlogs","12.8M","Pakistan","52.5K","1.1K","79",""
"964","Telugu Filmnagar","","12.8M","India","6.5K","231","1",""
"965","Tayo Bus Kecil - Tayo Bahasa Indonesia","Music & Dance","12.8M","Indonesia","216.5K","192","0",""
"966","M4 Tech","","12.7M","India","1M","43.1K","958",""
"967","vlogger varun","","12.7M","India","3.4M","186.8K","243",""
"968","Positive Energy-Funny family","","12.6M","","136.6K","0","4",""
"969","That's Amazing Shorts","","12.6M","United States","97.7K","3.8K","52",""
"970","माशा एंड द बेयर","Animation","12.6M","","165.9K","1.7K","0","Toys"
"971","Ruh","","12.6M","","43.2K","835","1",""
"972","Troom Troom PT","Animation","12.6M","Brazil","88.4K","1.4K","42",""
"973","Hi-Tech Islamic Naat","Music & Dance","12.6M","Pakistan","12.1K","213","23",""
"974","CaseyNeistat","Movies","12.6M","United States","0","0","0",""
"975","Yair17","Movies","12.6M","Mexico","86.8K","7.7K","316","Animation"
"976","LipaoGamer","Movies","12.6M","Brazil","128.2K","4K","110","Animation"
"977","Теремок - Песенки для детей","","12.6M","Russia","63.3K","106","0",""
"978","Wolfoo Family","Movies","12.6M","","211.4K","819","0","Toys"
"979","Family Box","Movies","12.6M","Russia","154.7K","5.3K","76",""
"980","Chiku life vlogs","","12.6M","","2.1M","99.6K","305",""
"981","Health Time","Daily vlogs","12.6M","India","2.3K","68","2",""
"982","MicroStrategy","Daily vlogs","12.6M","India","385.6K","25.6K","656",""
"983","Yoga With Adriene","Fitness","12.6M","United States","470.2K","12.4K","1K",""
"984","People Vs Food","Food & Drinks","12.6M","United States","19.1K","1K","15",""
"985","Panda","Animation","12.6M","India","182.9K","15.5K","117","Video games"
"986","NFL","Sports","12.6M","United States","37.7K","626","117",""
"987","Videogyan Kids - Learning Videos & Nursery Rhymes","Animation","12.6M","","67.1K","1.1K","0","Toys"
"988","Goldmines Housefull","","12.6M","","9.9K","0","0",""
"989","Ethan Funny Family","","12.6M","United States","934K","32.6K","46",""
"990","NATTI NATASHA","Music & Dance","12.6M","United States","20.1K","1.9K","58",""
"991","Make Joke Of","Movies","12.6M","India","3.7M","153.2K","727","Animation"
"992","Utkarsh Classes","Education","12.6M","India","91.7K","7.2K","207",""
"993","LOUD","","12.6M","Brazil","99K","7.1K","96",""
"994","Black Eyed Peas","Music & Dance","12.6M","United States","8K","667","14",""
"995","Little Baby Bum en Español","","12.6M","","21K","45","0",""
"996","BBC Earth","","12.5M","United States","80.3K","1.7K","79",""
"997","Jamie Nyland","Animation","12.5M","United States","66.7K","2.5K","104","Humor"
"998","janin al chair","","12.5M","Mexico","1.4M","146.1K","485",""
"999","Myke Towers","Music & Dance","12.5M","Colombia","8.3K","485","8",""
"1000","HikakinTV","Humor","12.5M","Japan","703.2K","25.3K","312",""